,AUC,AP
CN,0.6493783366214209,0.648977154350159
AA,0.6493724565516298,0.6493229400811527
RA,0.6493384743301099,0.649039173090703
Katz,0.8282071937028372,0.8500976496371475
GCN,0.9531879498380664,0.9352531730940132
GraphSAGE,0.8761694466075409,0.8909302863341199
GAT,0.9264096792770661,0.9146721052594472
TriHetGCN,0.8889583183998228,0.9118343576054649
