Model,Our AUC,Paper AUC,AUC Difference,Our AP,Paper AP,AP Difference
CN,64.93783366214208,64.39,0.5478336621420823,64.8977154350159,64.36,0.5377154350158975
AA,64.93724565516298,64.44,0.4972456551629847,64.93229400811526,64.45,0.4822940081152609
RA,64.933847433011,64.42,0.5138474330109943,64.90391730907031,64.43,0.47391730907030194
Katz,82.82071937028373,81.91,0.9107193702837293,85.00976496371476,82.71,2.2997649637147646
GCN,94.63561487507984,97.18,-2.5443851249201686,93.09110319909612,97.18,-4.088896800903882
GraphSAGE,85.61523653866206,94.32,-8.704763461337933,87.88275933153975,95.29,-7.407240668460261
GAT,92.59330372561222,95.64,-3.0466962743877843,91.28560343878472,95.07,-3.7843965612152743
TriHetGCN,86.35459804148367,97.21,-10.855401958516325,88.6281656542299,97.24,-8.611834345770092
