Model,Our AUC,Paper AUC,AUC Difference,Our AP,Paper AP,AP Difference
CN,69.74532727947027,71.94,-2.1946727205297236,69.52226811028017,71.72,-2.197731889719833
AA,69.88665209610807,71.44,-1.5533479038919324,70.22173261112339,71.53,-1.3082673888766152
RA,69.88665209610807,71.9,-2.0133479038919404,70.22173261112337,72.0,-1.7782673888766283
Katz,83.5371891304113,83.76,-0.22281086958869878,85.04694222969404,84.32,0.7269422296940462
GCN,91.16656884948998,92.73,-1.5634311505100271,91.96466450220132,93.51,-1.545335497798689
GraphSAGE,82.94812569087134,92.21,-9.261874309128658,83.78144335228835,93.09,-9.308556647711654
GAT,87.6372290974295,92.14,-4.502770902570504,83.99434949839288,93.13,-9.135650501607117
TriHetGCN,90.64159666437426,93.69,-3.0484033356257356,91.75974239109624,94.4,-2.6402576089037666
