,AUC,AP
CN,0.6974532727947027,0.6952226811028017
AA,0.6988665209610807,0.7022173261112339
RA,0.6988665209610807,0.7022173261112337
Katz,0.835371891304113,0.8504694222969404
GCN,0.9116656884948997,0.9196466450220131
GraphSAGE,0.8294812569087133,0.8378144335228834
GAT,0.876372290974295,0.8399434949839288
TriHetGCN,0.9064159666437427,0.9175974239109624
