,AUC,AP
CN,0.6831034899166767,0.6818112921561197
AA,0.6838811737712837,0.6863065085282223
RA,0.6838594372660307,0.6862374995756922
Katz,0.7819321338002657,0.7803221644123742
GCN,0.8961429779012196,0.9001998403344577
GraphSAGE,0.8109793503200097,0.845466357272378
GAT,0.8629078613693998,0.8613821093138563
TriHetGCN,0.8817679024272431,0.8968851041628809
