Model,Our AUC,Paper AUC,AUC Difference,Our AP,Paper AP,AP Difference
CN,68.31034899166767,67.04,1.2703489916676602,68.18112921561197,66.96,1.221129215611981
AA,68.38811737712837,66.86,1.5281173771283676,68.63065085282223,66.88,1.7506508528222327
RA,68.38594372660307,67.13,1.2559437266030784,68.62374995756923,67.15,1.4737499575692254
Katz,78.19321338002658,77.84,0.353213380026574,78.03221644123742,78.08,-0.047783558762574785
GCN,90.00603791812584,96.55,-6.543962081874156,90.9948813265491,97.02,-6.025118673450891
GraphSAGE,78.80256007728536,95.17,-16.367439922714638,82.93083012843974,96.13,-13.199169871560258
GAT,89.41408042506944,96.39,-6.975919574930558,88.37820714276327,96.59,-8.21179285723673
TriHetGCN,86.48351648351648,97.15,-10.666483516483524,86.84582896503441,97.53,-10.684171034965587
